dia_semana=segunda-feira;br=262.0;km=121.3;municipio=CONCEICAO DO CASTELO;causa_acidente=Ultrapassagem Indevida;tipo_acidente=Colisão transversal;classificacao_acidente=Com Vítimas Feridas;fase_dia=Pleno dia;sentido_via=Crescente;condicao_metereologica=Nublado;tipo_pista=Simples;tracado_via=Reta;uso_solo=Não;pessoas=8;mortos=0;feridos_leves=5;feridos_graves=0;ilesos=2;ignorados=1;feridos=5;veiculos=4
dia_semana=terça-feira;br=101.0;km=270.0;municipio=SERRA;causa_acidente=Falta de Atenção à Condução;tipo_acidente=Colisão lateral;classificacao_acidente=Com Vítimas Feridas;fase_dia=Plena Noite;sentido_via=Decrescente;condicao_metereologica=Céu Claro;tipo_pista=Múltipla;tracado_via=Reta;uso_solo=Não;pessoas=2;mortos=0;feridos_leves=0;feridos_graves=1;ilesos=1;ignorados=0;feridos=1;veiculos=2
dia_semana=terça-feira;br=101.0;km=270.4;municipio=SERRA;causa_acidente=Falta de Atenção do Pedestre;tipo_acidente=Atropelamento de Pedestre;classificacao_acidente=Sem Vítimas;fase_dia=Plena Noite;sentido_via=Decrescente;condicao_metereologica=Céu Claro;tipo_pista=Múltipla;tracado_via=Reta;uso_solo=Sim;pessoas=2;mortos=0;feridos_leves=0;feridos_graves=0;ilesos=0;ignorados=2;feridos=0;veiculos=1
dia_semana=terça-feira;br=101.0;km=23.5;municipio=CONCEICAO DA BARRA;causa_acidente=Defeito Mecânico no Veículo;tipo_acidente=Tombamento;classificacao_acidente=Com Vítimas Feridas;fase_dia=Anoitecer;sentido_via=Decrescente;condicao_metereologica=Céu Claro;tipo_pista=Simples;tracado_via=Desvio Temporário;uso_solo=Não;pessoas=1;mortos=0;feridos_leves=1;feridos_graves=0;ilesos=0;ignorados=0;feridos=1;veiculos=1
dia_semana=quarta-feira;br=262.0;km=158.4;municipio=IBATIBA;causa_acidente=Não guardar distância de segurança;tipo_acidente=Colisão traseira;classificacao_acidente=Com Vítimas Feridas;fase_dia=Pleno dia;sentido_via=Decrescente;condicao_metereologica=Sol;tipo_pista=Múltipla;tracado_via=Reta;uso_solo=Sim;pessoas=2;mortos=0;feridos_leves=1;feridos_graves=0;ilesos=1;ignorados=0;feridos=1;veiculos=2
dia_semana=quarta-feira;br=101.0;km=127.8;municipio=SOORETAMA;causa_acidente=Falta de Atenção à Condução;tipo_acidente=Colisão frontal;classificacao_acidente=Com Vítimas Feridas;fase_dia=Pleno dia;sentido_via=Decrescente;condicao_metereologica=Céu Claro;tipo_pista=Simples;tracado_via=Reta;uso_solo=Sim;pessoas=2;mortos=0;feridos_leves=1;feridos_graves=0;ilesos=1;ignorados=0;feridos=1;veiculos=2
dia_semana=quinta-feira;br=101.0;km=312.0;municipio=VILA VELHA;causa_acidente=Falta de Atenção do Pedestre;tipo_acidente=Atropelamento de Pedestre;classificacao_acidente=Com Vítimas Feridas;fase_dia=Amanhecer;sentido_via=Crescente;condicao_metereologica=Céu Claro;tipo_pista=Simples;tracado_via=Reta;uso_solo=Não;pessoas=2;mortos=0;feridos_leves=1;feridos_graves=0;ilesos=0;ignorados=1;feridos=1;veiculos=1
dia_semana=quinta-feira;br=101.0;km=58.0;municipio=SAO MATEUS;causa_acidente=Condutor Dormindo;tipo_acidente=Saída de leito carroçável;classificacao_acidente=Com Vítimas Feridas;fase_dia=Pleno dia;sentido_via=Decrescente;condicao_metereologica=Nevoeiro/Neblina;tipo_pista=Simples;tracado_via=Reta;uso_solo=Não;pessoas=3;mortos=0;feridos_leves=2;feridos_graves=0;ilesos=1;ignorados=0;feridos=2;veiculos=1
dia_semana=quinta-feira;br=101.0;km=284.4;municipio=CARIACICA;causa_acidente=Defeito Mecânico no Veículo;tipo_acidente=Colisão com objeto estático;classificacao_acidente=Sem Vítimas;fase_dia=Anoitecer;sentido_via=Decrescente;condicao_metereologica=Nublado;tipo_pista=Dupla;tracado_via=Não Informado;uso_solo=Sim;pessoas=1;mortos=0;feridos_leves=0;feridos_graves=0;ilesos=1;ignorados=0;feridos=0;veiculos=1
dia_semana=quinta-feira;br=101.0;km=270.4;municipio=SERRA;causa_acidente=Não guardar distância de segurança;tipo_acidente=Colisão traseira;classificacao_acidente=Com Vítimas Feridas;fase_dia=Plena Noite;sentido_via=Crescente;condicao_metereologica=Chuva;tipo_pista=Dupla;tracado_via=Reta;uso_solo=Sim;pessoas=2;mortos=0;feridos_leves=1;feridos_graves=0;ilesos=1;ignorados=0;feridos=1;veiculos=2
dia_semana=quinta-feira;br=101.0;km=448.4;municipio=MIMOSO DO SUL;causa_acidente=Velocidade Incompatível;tipo_acidente=Saída de leito carroçável;classificacao_acidente=Com Vítimas Feridas;fase_dia=Pleno dia;sentido_via=Crescente;condicao_metereologica=Céu Claro;tipo_pista=Simples;tracado_via=Reta;uso_solo=Não;pessoas=1;mortos=0;feridos_leves=1;feridos_graves=0;ilesos=0;ignorados=0;feridos=1;veiculos=1
dia_semana=quinta-feira;br=101.0;km=262.0;municipio=SERRA;causa_acidente=Pista Escorregadia;tipo_acidente=Tombamento;classificacao_acidente=Com Vítimas Feridas;fase_dia=Plena Noite;sentido_via=Crescente;condicao_metereologica=Céu Claro;tipo_pista=Simples;tracado_via=Reta;uso_solo=Sim;pessoas=1;mortos=0;feridos_leves=0;feridos_graves=1;ilesos=0;ignorados=0;feridos=1;veiculos=1
dia_semana=sexta-feira;br=101.0;km=155.7;municipio=LINHARES;causa_acidente=Objeto estático sobre o leito carroçável;tipo_acidente=Derramamento de carga;classificacao_acidente=Com Vítimas Feridas;fase_dia=Pleno dia;sentido_via=Crescente;condicao_metereologica=Nublado;tipo_pista=Simples;tracado_via=Reta;uso_solo=Não;pessoas=3;mortos=0;feridos_leves=2;feridos_graves=0;ilesos=1;ignorados=0;feridos=2;veiculos=2
dia_semana=sexta-feira;br=262.0;km=156.5;municipio=IBATIBA;causa_acidente=Falta de Atenção à Condução;tipo_acidente=Colisão com objeto em movimento;classificacao_acidente=Com Vítimas Fatais;fase_dia=Amanhecer;sentido_via=Crescente;condicao_metereologica=Nevoeiro/Neblina;tipo_pista=Simples;tracado_via=Reta;uso_solo=Não;pessoas=3;mortos=1;feridos_leves=0;feridos_graves=0;ilesos=1;ignorados=1;feridos=0;veiculos=2
dia_semana=sexta-feira;br=101.0;km=270.0;municipio=SERRA;causa_acidente=Falta de Atenção à Condução;tipo_acidente=Colisão traseira;classificacao_acidente=Com Vítimas Feridas;fase_dia=Pleno dia;sentido_via=Crescente;condicao_metereologica=Céu Claro;tipo_pista=Múltipla;tracado_via=Curva;uso_solo=Não;pessoas=4;mortos=0;feridos_leves=4;feridos_graves=0;ilesos=0;ignorados=0;feridos=4;veiculos=2
dia_semana=sexta-feira;br=101.0;km=0.5;municipio=SERRA;causa_acidente=Falta de Atenção à Condução;tipo_acidente=Colisão lateral;classificacao_acidente=Com Vítimas Feridas;fase_dia=Pleno dia;sentido_via=Decrescente;condicao_metereologica=Céu Claro;tipo_pista=Dupla;tracado_via=Não Informado;uso_solo=Sim;pessoas=3;mortos=0;feridos_leves=1;feridos_graves=0;ilesos=2;ignorados=0;feridos=1;veiculos=3
dia_semana=sexta-feira;br=101.0;km=445.6;municipio=MIMOSO DO SUL;causa_acidente=Mal Súbito;tipo_acidente=Colisão frontal;classificacao_acidente=Com Vítimas Fatais;fase_dia=Pleno dia;sentido_via=Crescente;condicao_metereologica=Céu Claro;tipo_pista=Simples;tracado_via=Reta;uso_solo=Não;pessoas=2;mortos=1;feridos_leves=0;feridos_graves=0;ilesos=1;ignorados=0;feridos=0;veiculos=2
dia_semana=sexta-feira;br=101.0;km=214.0;municipio=IBIRACU;causa_acidente=Desobediência às normas de trânsito pelo condutor;tipo_acidente=Colisão traseira;classificacao_acidente=Sem Vítimas;fase_dia=Pleno dia;sentido_via=Crescente;condicao_metereologica=Céu Claro;tipo_pista=Simples;tracado_via=Curva;uso_solo=Não;pessoas=2;mortos=0;feridos_leves=0;feridos_graves=0;ilesos=2;ignorados=0;feridos=0;veiculos=2
dia_semana=sexta-feira;br=262.0;km=4.0;municipio=CARIACICA;causa_acidente=Falta de Atenção à Condução;tipo_acidente=Colisão lateral;classificacao_acidente=Com Vítimas Feridas;fase_dia=Pleno dia;sentido_via=Crescente;condicao_metereologica=Céu Claro;tipo_pista=Múltipla;tracado_via=Interseção de vias;uso_solo=Sim;pessoas=2;mortos=0;feridos_leves=1;feridos_graves=0;ilesos=1;ignorados=0;feridos=1;veiculos=2
dia_semana=sexta-feira;br=262.0;km=46.0;municipio=MARECHAL FLORIANO;causa_acidente=Ingestão de Álcool;tipo_acidente=Colisão traseira;classificacao_acidente=Com Vítimas Feridas;fase_dia=Plena Noite;sentido_via=Decrescente;condicao_metereologica=Céu Claro;tipo_pista=Simples;tracado_via=Reta;uso_solo=Sim;pessoas=5;mortos=0;feridos_leves=2;feridos_graves=0;ilesos=3;ignorados=0;feridos=2;veiculos=4
dia_semana=sábado;br=101.0;km=270.0;municipio=SERRA;causa_acidente=Ingestão de Álcool;tipo_acidente=Colisão com objeto estático;classificacao_acidente=Com Vítimas Feridas;fase_dia=Plena Noite;sentido_via=Crescente;condicao_metereologica=Céu Claro;tipo_pista=Múltipla;tracado_via=Curva;uso_solo=Sim;pessoas=1;mortos=0;feridos_leves=0;feridos_graves=1;ilesos=0;ignorados=0;feridos=1;veiculos=1
dia_semana=sábado;br=101.0;km=62.0;municipio=SAO MATEUS;causa_acidente=Ingestão de Álcool;tipo_acidente=Colisão frontal;classificacao_acidente=Com Vítimas Feridas;fase_dia=Plena Noite;sentido_via=Crescente;condicao_metereologica=Céu Claro;tipo_pista=Simples;tracado_via=Reta;uso_solo=Sim;pessoas=2;mortos=0;feridos_leves=0;feridos_graves=1;ilesos=1;ignorados=0;feridos=1;veiculos=2
dia_semana=sábado;br=101.0;km=2.0;municipio=VITORIA;causa_acidente=Falta de Atenção à Condução;tipo_acidente=Tombamento;classificacao_acidente=Com Vítimas Feridas;fase_dia=Pleno dia;sentido_via=Crescente;condicao_metereologica=Céu Claro;tipo_pista=Dupla;tracado_via=Reta;uso_solo=Não;pessoas=1;mortos=0;feridos_leves=1;feridos_graves=0;ilesos=0;ignorados=0;feridos=1;veiculos=1
dia_semana=sábado;br=101.0;km=277.9;municipio=SERRA;causa_acidente=Avarias e/ou desgaste excessivo no pneu;tipo_acidente=Queda de ocupante de veículo;classificacao_acidente=Com Vítimas Feridas;fase_dia=Pleno dia;sentido_via=Crescente;condicao_metereologica=Sol;tipo_pista=Dupla;tracado_via=Reta;uso_solo=Não;pessoas=2;mortos=0;feridos_leves=0;feridos_graves=2;ilesos=0;ignorados=0;feridos=2;veiculos=1
dia_semana=sábado;br=101.0;km=194.7;municipio=ARACRUZ;causa_acidente=Falta de Atenção à Condução;tipo_acidente=Queda de ocupante de veículo;classificacao_acidente=Com Vítimas Feridas;fase_dia=Plena Noite;sentido_via=Crescente;condicao_metereologica=Céu Claro;tipo_pista=Simples;tracado_via=Reta;uso_solo=Não;pessoas=1;mortos=0;feridos_leves=1;feridos_graves=0;ilesos=0;ignorados=0;feridos=1;veiculos=1
dia_semana=sábado;br=101.0;km=418.0;municipio=CACHOEIRO DE ITAPEMIRIM;causa_acidente=Defeito Mecânico no Veículo;tipo_acidente=Queda de ocupante de veículo;classificacao_acidente=Com Vítimas Feridas;fase_dia=Pleno dia;sentido_via=Crescente;condicao_metereologica=Céu Claro;tipo_pista=Simples;tracado_via=Reta;uso_solo=Não;pessoas=1;mortos=0;feridos_leves=1;feridos_graves=0;ilesos=0;ignorados=0;feridos=1;veiculos=1
dia_semana=sábado;br=101.0;km=294.1;municipio=CARIACICA;causa_acidente=Falta de Atenção à Condução;tipo_acidente=Colisão lateral;classificacao_acidente=Com Vítimas Feridas;fase_dia=Anoitecer;sentido_via=Decrescente;condicao_metereologica=Nublado;tipo_pista=Múltipla;tracado_via=Curva;uso_solo=Sim;pessoas=3;mortos=0;feridos_leves=1;feridos_graves=0;ilesos=1;ignorados=1;feridos=1;veiculos=2
dia_semana=sábado;br=101.0;km=166.5;municipio=LINHARES;causa_acidente=Falta de Atenção à Condução;tipo_acidente=Colisão transversal;classificacao_acidente=Com Vítimas Feridas;fase_dia=Anoitecer;sentido_via=Decrescente;condicao_metereologica=Céu Claro;tipo_pista=Múltipla;tracado_via=Reta;uso_solo=Sim;pessoas=2;mortos=0;feridos_leves=0;feridos_graves=1;ilesos=1;ignorados=0;feridos=1;veiculos=2
dia_semana=domingo;br=262.0;km=91.0;municipio=DOMINGOS MARTINS;causa_acidente=Desobediência às normas de trânsito pelo condutor;tipo_acidente=Colisão transversal;classificacao_acidente=Sem Vítimas;fase_dia=Pleno dia;sentido_via=Crescente;condicao_metereologica=Céu Claro;tipo_pista=Simples;tracado_via=Reta;uso_solo=Sim;pessoas=6;mortos=0;feridos_leves=0;feridos_graves=0;ilesos=6;ignorados=0;feridos=0;veiculos=2
dia_semana=domingo;br=101.0;km=258.7;municipio=SERRA;causa_acidente=Falta de Atenção à Condução;tipo_acidente=Colisão transversal;classificacao_acidente=Com Vítimas Feridas;fase_dia=Pleno dia;sentido_via=Crescente;condicao_metereologica=Sol;tipo_pista=Múltipla;tracado_via=Rotatória;uso_solo=Sim;pessoas=2;mortos=0;feridos_leves=1;feridos_graves=0;ilesos=1;ignorados=0;feridos=1;veiculos=2
dia_semana=domingo;br=101.0;km=160.0;municipio=LINHARES;causa_acidente=Ingestão de Álcool;tipo_acidente=Colisão transversal;classificacao_acidente=Com Vítimas Feridas;fase_dia=Pleno dia;sentido_via=Crescente;condicao_metereologica=Céu Claro;tipo_pista=Simples;tracado_via=Reta;uso_solo=Sim;pessoas=3;mortos=0;feridos_leves=0;feridos_graves=2;ilesos=1;ignorados=0;feridos=2;veiculos=2
dia_semana=domingo;br=101.0;km=1.8;municipio=VITORIA;causa_acidente=Falta de Atenção à Condução;tipo_acidente=Colisão traseira;classificacao_acidente=Com Vítimas Feridas;fase_dia=Pleno dia;sentido_via=Crescente;condicao_metereologica=Sol;tipo_pista=Simples;tracado_via=Reta;uso_solo=Sim;pessoas=2;mortos=0;feridos_leves=1;feridos_graves=0;ilesos=1;ignorados=0;feridos=1;veiculos=2
dia_semana=domingo;br=101.0;km=30.0;municipio=CONCEICAO DA BARRA;causa_acidente=Falta de Atenção à Condução;tipo_acidente=Colisão traseira;classificacao_acidente=Com Vítimas Feridas;fase_dia=Pleno dia;sentido_via=Crescente;condicao_metereologica=Sol;tipo_pista=Simples;tracado_via=Não Informado;uso_solo=Não;pessoas=2;mortos=0;feridos_leves=0;feridos_graves=1;ilesos=0;ignorados=1;feridos=1;veiculos=2
dia_semana=domingo;br=101.0;km=67.0;municipio=SAO MATEUS;causa_acidente=Falta de Atenção do Pedestre;tipo_acidente=Atropelamento de Pedestre;classificacao_acidente=Com Vítimas Feridas;fase_dia=Plena Noite;sentido_via=Crescente;condicao_metereologica=Céu Claro;tipo_pista=Múltipla;tracado_via=Reta;uso_solo=Sim;pessoas=2;mortos=0;feridos_leves=1;feridos_graves=1;ilesos=0;ignorados=0;feridos=2;veiculos=1
dia_semana=domingo;br=101.0;km=295.0;municipio=CARIACICA;causa_acidente=Pista Escorregadia;tipo_acidente=Queda de ocupante de veículo;classificacao_acidente=Com Vítimas Feridas;fase_dia=Pleno dia;sentido_via=Decrescente;condicao_metereologica=Céu Claro;tipo_pista=Dupla;tracado_via=Rotatória;uso_solo=Sim;pessoas=2;mortos=0;feridos_leves=2;feridos_graves=0;ilesos=0;ignorados=0;feridos=2;veiculos=1
dia_semana=domingo;br=101.0;km=298.0;municipio=VIANA;causa_acidente=Desobediência às normas de trânsito pelo condutor;tipo_acidente=Colisão lateral;classificacao_acidente=Com Vítimas Feridas;fase_dia=Plena Noite;sentido_via=Decrescente;condicao_metereologica=Céu Claro;tipo_pista=Dupla;tracado_via=Reta;uso_solo=Sim;pessoas=4;mortos=0;feridos_leves=1;feridos_graves=1;ilesos=1;ignorados=1;feridos=2;veiculos=2
dia_semana=segunda-feira;br=101.0;km=143.3;municipio=LINHARES;causa_acidente=Falta de Atenção do Pedestre;tipo_acidente=Atropelamento de Pedestre;classificacao_acidente=Com Vítimas Feridas;fase_dia=Plena Noite;sentido_via=Decrescente;condicao_metereologica=Céu Claro;tipo_pista=Múltipla;tracado_via=Reta;uso_solo=Sim;pessoas=2;mortos=0;feridos_leves=1;feridos_graves=0;ilesos=1;ignorados=0;feridos=1;veiculos=1
dia_semana=segunda-feira;br=262.0;km=6.3;municipio=CARIACICA;causa_acidente=Defeito na Via;tipo_acidente=Danos eventuais;classificacao_acidente=Sem Vítimas;fase_dia=Pleno dia;sentido_via=Crescente;condicao_metereologica=Sol;tipo_pista=Múltipla;tracado_via=Não Informado;uso_solo=Sim;pessoas=1;mortos=0;feridos_leves=0;feridos_graves=0;ilesos=1;ignorados=0;feridos=0;veiculos=1
dia_semana=segunda-feira;br=101.0;km=263.5;municipio=SERRA;causa_acidente=Velocidade Incompatível;tipo_acidente=Engavetamento;classificacao_acidente=Com Vítimas Feridas;fase_dia=Pleno dia;sentido_via=Decrescente;condicao_metereologica=Céu Claro;tipo_pista=Dupla;tracado_via=Reta;uso_solo=Sim;pessoas=4;mortos=0;feridos_leves=1;feridos_graves=0;ilesos=3;ignorados=0;feridos=1;veiculos=3
dia_semana=segunda-feira;br=101.0;km=300.0;municipio=VIANA;causa_acidente=Defeito na Via;tipo_acidente=Queda de ocupante de veículo;classificacao_acidente=Com Vítimas Feridas;fase_dia=Pleno dia;sentido_via=Crescente;condicao_metereologica=Sol;tipo_pista=Múltipla;tracado_via=Reta;uso_solo=Sim;pessoas=1;mortos=0;feridos_leves=1;feridos_graves=0;ilesos=0;ignorados=0;feridos=1;veiculos=1
dia_semana=segunda-feira;br=101.0;km=1.0;municipio=VITORIA;causa_acidente=Não guardar distância de segurança;tipo_acidente=Colisão traseira;classificacao_acidente=Com Vítimas Feridas;fase_dia=Plena Noite;sentido_via=Decrescente;condicao_metereologica=Céu Claro;tipo_pista=Simples;tracado_via=Reta;uso_solo=Sim;pessoas=2;mortos=0;feridos_leves=0;feridos_graves=1;ilesos=1;ignorados=0;feridos=1;veiculos=2
dia_semana=segunda-feira;br=101.0;km=151.0;municipio=LINHARES;causa_acidente=Não guardar distância de segurança;tipo_acidente=Queda de ocupante de veículo;classificacao_acidente=Com Vítimas Feridas;fase_dia=Pleno dia;sentido_via=Decrescente;condicao_metereologica=Céu Claro;tipo_pista=Simples;tracado_via=Ponte;uso_solo=Sim;pessoas=2;mortos=0;feridos_leves=2;feridos_graves=0;ilesos=0;ignorados=0;feridos=2;veiculos=1
dia_semana=segunda-feira;br=101.0;km=302.0;municipio=VIANA;causa_acidente=Falta de Atenção à Condução;tipo_acidente=Colisão traseira;classificacao_acidente=Sem Vítimas;fase_dia=Pleno dia;sentido_via=Crescente;condicao_metereologica=Céu Claro;tipo_pista=Múltipla;tracado_via=Reta;uso_solo=Sim;pessoas=2;mortos=0;feridos_leves=0;feridos_graves=0;ilesos=2;ignorados=0;feridos=0;veiculos=2
dia_semana=segunda-feira;br=101.0;km=266.0;municipio=SERRA;causa_acidente=Falta de Atenção à Condução;tipo_acidente=Queda de ocupante de veículo;classificacao_acidente=Com Vítimas Feridas;fase_dia=Amanhecer;sentido_via=Decrescente;condicao_metereologica=Céu Claro;tipo_pista=Múltipla;tracado_via=Reta;uso_solo=Sim;pessoas=1;mortos=0;feridos_leves=1;feridos_graves=0;ilesos=0;ignorados=0;feridos=1;veiculos=1
dia_semana=segunda-feira;br=101.0;km=345.9;municipio=GUARAPARI;causa_acidente=Velocidade Incompatível;tipo_acidente=Colisão traseira;classificacao_acidente=Sem Vítimas;fase_dia=Pleno dia;sentido_via=Decrescente;condicao_metereologica=Céu Claro;tipo_pista=Simples;tracado_via=Reta;uso_solo=Sim;pessoas=2;mortos=0;feridos_leves=0;feridos_graves=0;ilesos=2;ignorados=0;feridos=0;veiculos=2
dia_semana=terça-feira;br=259.0;km=58.7;municipio=COLATINA;causa_acidente=Falta de Atenção à Condução;tipo_acidente=Queda de ocupante de veículo;classificacao_acidente=Com Vítimas Feridas;fase_dia=Pleno dia;sentido_via=Crescente;condicao_metereologica=Céu Claro;tipo_pista=Simples;tracado_via=Não Informado;uso_solo=Sim;pessoas=1;mortos=0;feridos_leves=1;feridos_graves=0;ilesos=0;ignorados=0;feridos=1;veiculos=1
dia_semana=quarta-feira;br=262.0;km=46.8;municipio=MARECHAL FLORIANO;causa_acidente=Falta de Atenção à Condução;tipo_acidente=Colisão transversal;classificacao_acidente=Com Vítimas Feridas;fase_dia=Plena Noite;sentido_via=Crescente;condicao_metereologica=Céu Claro;tipo_pista=Simples;tracado_via=Retorno Regulamentado;uso_solo=Sim;pessoas=3;mortos=0;feridos_leves=1;feridos_graves=1;ilesos=1;ignorados=0;feridos=2;veiculos=2
dia_semana=quarta-feira;br=101.0;km=180.7;municipio=ARACRUZ;causa_acidente=Desobediência às normas de trânsito pelo condutor;tipo_acidente=Colisão frontal;classificacao_acidente=Com Vítimas Fatais;fase_dia=Anoitecer;sentido_via=Crescente;condicao_metereologica=Céu Claro;tipo_pista=Simples;tracado_via=Desvio Temporário;uso_solo=Não;pessoas=4;mortos=1;feridos_leves=1;feridos_graves=0;ilesos=2;ignorados=0;feridos=1;veiculos=3
dia_semana=quarta-feira;br=393.0;km=2.0;municipio=CACHOEIRO DE ITAPEMIRIM;causa_acidente=Falta de Atenção à Condução;tipo_acidente=Tombamento;classificacao_acidente=Com Vítimas Feridas;fase_dia=Pleno dia;sentido_via=Crescente;condicao_metereologica=Nublado;tipo_pista=Simples;tracado_via=Reta;uso_solo=Sim;pessoas=1;mortos=0;feridos_leves=1;feridos_graves=0;ilesos=0;ignorados=0;feridos=1;veiculos=1
dia_semana=quarta-feira;br=101.0;km=145.0;municipio=LINHARES;causa_acidente=Desobediência às normas de trânsito pelo condutor;tipo_acidente=Colisão traseira;classificacao_acidente=Com Vítimas Feridas;fase_dia=Pleno dia;sentido_via=Crescente;condicao_metereologica=Sol;tipo_pista=Múltipla;tracado_via=Reta;uso_solo=Sim;pessoas=2;mortos=0;feridos_leves=1;feridos_graves=0;ilesos=1;ignorados=0;feridos=1;veiculos=2
dia_semana=quarta-feira;br=101.0;km=262.0;municipio=SERRA;causa_acidente=Falta de Atenção à Condução;tipo_acidente=Colisão lateral;classificacao_acidente=Com Vítimas Feridas;fase_dia=Pleno dia;sentido_via=Decrescente;condicao_metereologica=Céu Claro;tipo_pista=Simples;tracado_via=Interseção de vias;uso_solo=Sim;pessoas=3;mortos=0;feridos_leves=2;feridos_graves=0;ilesos=0;ignorados=1;feridos=2;veiculos=2
dia_semana=quinta-feira;br=101.0;km=261.3;municipio=SERRA;causa_acidente=Falta de Atenção à Condução;tipo_acidente=Colisão lateral;classificacao_acidente=Com Vítimas Feridas;fase_dia=Plena Noite;sentido_via=Decrescente;condicao_metereologica=Céu Claro;tipo_pista=Simples;tracado_via=Reta;uso_solo=Sim;pessoas=3;mortos=0;feridos_leves=1;feridos_graves=1;ilesos=1;ignorados=0;feridos=2;veiculos=2
dia_semana=quinta-feira;br=101.0;km=62.0;municipio=SAO MATEUS;causa_acidente=Defeito Mecânico no Veículo;tipo_acidente=Colisão traseira;classificacao_acidente=Com Vítimas Feridas;fase_dia=Plena Noite;sentido_via=Crescente;condicao_metereologica=Céu Claro;tipo_pista=Simples;tracado_via=Curva;uso_solo=Não;pessoas=3;mortos=0;feridos_leves=1;feridos_graves=1;ilesos=1;ignorados=0;feridos=2;veiculos=2
dia_semana=quinta-feira;br=259.0;km=50.5;municipio=COLATINA;causa_acidente=Falta de Atenção à Condução;tipo_acidente=Colisão traseira;classificacao_acidente=Sem Vítimas;fase_dia=Pleno dia;sentido_via=Decrescente;condicao_metereologica=Céu Claro;tipo_pista=Simples;tracado_via=Reta;uso_solo=Sim;pessoas=3;mortos=0;feridos_leves=0;feridos_graves=0;ilesos=3;ignorados=0;feridos=0;veiculos=2
dia_semana=quinta-feira;br=262.0;km=16.5;municipio=VIANA;causa_acidente=Falta de Atenção à Condução;tipo_acidente=Colisão frontal;classificacao_acidente=Com Vítimas Feridas;fase_dia=Plena Noite;sentido_via=Decrescente;condicao_metereologica=Nublado;tipo_pista=Simples;tracado_via=Reta;uso_solo=Não;pessoas=3;mortos=0;feridos_leves=1;feridos_graves=0;ilesos=2;ignorados=0;feridos=1;veiculos=3
dia_semana=sexta-feira;br=101.0;km=301.8;municipio=VIANA;causa_acidente=Desobediência às normas de trânsito pelo condutor;tipo_acidente=Colisão lateral;classificacao_acidente=Sem Vítimas;fase_dia=Pleno dia;sentido_via=Crescente;condicao_metereologica=Sol;tipo_pista=Dupla;tracado_via=Reta;uso_solo=Sim;pessoas=2;mortos=0;feridos_leves=0;feridos_graves=0;ilesos=2;ignorados=0;feridos=0;veiculos=2
dia_semana=sexta-feira;br=262.0;km=96.9;municipio=DOMINGOS MARTINS;causa_acidente=Animais na Pista;tipo_acidente=Atropelamento de Animal;classificacao_acidente=Com Vítimas Feridas;fase_dia=Amanhecer;sentido_via=Crescente;condicao_metereologica=Céu Claro;tipo_pista=Simples;tracado_via=Reta;uso_solo=Não;pessoas=4;mortos=0;feridos_leves=1;feridos_graves=0;ilesos=3;ignorados=0;feridos=1;veiculos=2
dia_semana=sexta-feira;br=262.0;km=4.1;municipio=CARIACICA;causa_acidente=Não guardar distância de segurança;tipo_acidente=Colisão lateral;classificacao_acidente=Com Vítimas Feridas;fase_dia=Pleno dia;sentido_via=Decrescente;condicao_metereologica=Nublado;tipo_pista=Múltipla;tracado_via=Reta;uso_solo=Sim;pessoas=2;mortos=0;feridos_leves=1;feridos_graves=0;ilesos=1;ignorados=0;feridos=1;veiculos=2
dia_semana=sexta-feira;br=101.0;km=149.7;municipio=LINHARES;causa_acidente=Falta de Atenção à Condução;tipo_acidente=Colisão traseira;classificacao_acidente=Com Vítimas Feridas;fase_dia=Pleno dia;sentido_via=Crescente;condicao_metereologica=Sol;tipo_pista=Múltipla;tracado_via=Reta;uso_solo=Sim;pessoas=3;mortos=0;feridos_leves=1;feridos_graves=0;ilesos=1;ignorados=1;feridos=1;veiculos=3
dia_semana=sexta-feira;br=101.0;km=339.0;municipio=GUARAPARI;causa_acidente=Falta de Atenção à Condução;tipo_acidente=Colisão traseira;classificacao_acidente=Sem Vítimas;fase_dia=Pleno dia;sentido_via=Decrescente;condicao_metereologica=Céu Claro;tipo_pista=Simples;tracado_via=Reta;uso_solo=Não;pessoas=3;mortos=0;feridos_leves=0;feridos_graves=0;ilesos=3;ignorados=0;feridos=0;veiculos=2
dia_semana=sábado;br=101.0;km=187.0;municipio=ARACRUZ;causa_acidente=Falta de Atenção à Condução;tipo_acidente=Queda de ocupante de veículo;classificacao_acidente=Com Vítimas Feridas;fase_dia=Plena Noite;sentido_via=Crescente;condicao_metereologica=Céu Claro;tipo_pista=Simples;tracado_via=Reta;uso_solo=Não;pessoas=1;mortos=0;feridos_leves=1;feridos_graves=0;ilesos=0;ignorados=0;feridos=1;veiculos=1
dia_semana=sábado;br=262.0;km=158.0;municipio=IBATIBA;causa_acidente=Falta de Atenção à Condução;tipo_acidente=Queda de ocupante de veículo;classificacao_acidente=Com Vítimas Feridas;fase_dia=Pleno dia;sentido_via=Decrescente;condicao_metereologica=Céu Claro;tipo_pista=Simples;tracado_via=Reta;uso_solo=Sim;pessoas=2;mortos=0;feridos_leves=1;feridos_graves=0;ilesos=1;ignorados=0;feridos=1;veiculos=2
dia_semana=sábado;br=101.0;km=210.0;municipio=IBIRACU;causa_acidente=Ingestão de Álcool;tipo_acidente=Colisão frontal;classificacao_acidente=Com Vítimas Feridas;fase_dia=Plena Noite;sentido_via=Decrescente;condicao_metereologica=Céu Claro;tipo_pista=Dupla;tracado_via=Reta;uso_solo=Não;pessoas=2;mortos=0;feridos_leves=0;feridos_graves=1;ilesos=1;ignorados=0;feridos=1;veiculos=2